nn_predicted_class,total_instances,ties,closest_median_cls_1,closest_median_cls_2,closest_median_cls_3,closest_median_cls_4,closest_median_cls_5,closest_median_cls_6,closest_median_cls_7,closest_median_cls_8,closest_median_cls_9,correct,correct_pct
1,2280,0,1691.0,13.0,89.0,160.0,211.0,41.0,71.0,0.0,4.0,1691.0,0.7416666666666667
2,632,0,35.0,514.0,21.0,26.0,16.0,7.0,12.0,0.0,1.0,514.0,0.8132911392405063
3,498,0,1.0,4.0,384.0,8.0,19.0,5.0,76.0,0.0,1.0,384.0,0.7710843373493976
4,118,0,1.0,0.0,10.0,83.0,6.0,4.0,10.0,0.0,4.0,83.0,0.7033898305084746
5,119,0,0.0,1.0,1.0,11.0,88.0,10.0,2.0,0.0,6.0,88.0,0.7394957983193278
6,86,0,0.0,1.0,5.0,4.0,13.0,37.0,2.0,0.0,24.0,37.0,0.43023255813953487
7,30,0,0.0,0.0,2.0,0.0,6.0,0.0,22.0,0.0,0.0,22.0,0.7333333333333333
8,34,0,0.0,0.0,0.0,0.0,0.0,0.0,0.0,28.0,6.0,28.0,0.8235294117647058
9,51,0,2.0,1.0,0.0,6.0,5.0,7.0,0.0,0.0,30.0,30.0,0.5882352941176471
