true_class,total_instances,ties,pred_1,pred_2,pred_3,pred_4,pred_5,pred_6,pred_7,pred_8,pred_9,correct,correct_pct
1,4643,0,3967.0,49.0,68.0,229.0,153.0,11.0,166.0,0.0,0.0,3967.0,0.8544044798621581
2,1287,0,158.0,1029.0,7.0,30.0,13.0,2.0,47.0,0.0,1.0,1029.0,0.7995337995337995
3,950,0,6.0,17.0,682.0,23.0,6.0,9.0,207.0,0.0,0.0,682.0,0.7178947368421053
4,240,0,5.0,0.0,7.0,180.0,18.0,6.0,23.0,0.0,1.0,180.0,0.75
5,171,0,2.0,0.0,0.0,17.0,134.0,13.0,4.0,0.0,1.0,134.0,0.783625730994152
6,149,0,0.0,0.0,0.0,13.0,7.0,102.0,9.0,0.0,18.0,102.0,0.6845637583892618
7,130,0,1.0,0.0,2.0,1.0,6.0,0.0,120.0,0.0,0.0,120.0,0.9230769230769231
8,67,0,0.0,0.0,0.0,0.0,1.0,4.0,1.0,57.0,4.0,57.0,0.8507462686567164
9,58,0,0.0,0.0,0.0,7.0,2.0,20.0,0.0,0.0,29.0,29.0,0.5
